FIPS,Number,lon,lat,StreetAddress,City,State,ZipCode,LocationName,LocationType,CountyName,Confirmed,Deaths,Recovered,Active,Combined_Key
12001,718311,-82.4180272,29.722938800000005,7920 NW 71st St.,Gainesville,FL,32653,"Wetland and Aquatic Research Center - Gainesville, FL",Science Center,Alachua,210,0,0,210,"Alachua, Florida, US"
12011,722133,-80.2385075,26.0844337,3205 College Avenue,Davie,FL,33314,"Wetland and Aquatic Research Center - Davie, FL",Duty Station,Broward,3971,115,0,3856,"Broward, Florida, US"
12011,941449,-80.2384968,26.0798004,3321 College Avenue,Davie,FL,33314,Caribbean-Florida Water Science Center Davie office,Field Station,Broward,3971,115,0,3856,"Broward, Florida, US"
12071,941240,-81.88664399999999,26.59654,"1400 Colonial Boulevard, Suite 70",Fort Myers,FL,33907,Caribbean-Florida Water Science Center - Fort Myers office,Field Station,Lee,769,27,0,742,"Lee, Florida, US"
12073,941269,-84.2967914,30.4761654,2639 North Monroe St,Tallahassee,FL,32303,Caribbean Florida Water Science Center - Tallahassee Field office,Field Station,Leon,176,1,0,175,"Leon, Florida, US"
12087,723438,-80.99998000000001,24.731436,10 Parachute Key,Homestead,FL,33034,USGS Everglades Research Offices,Field Station,Monroe,73,3,0,70,"Monroe, Florida, US"
12095,941444,-81.19289599999999,28.589240000000004,12703 Research Parkway,Orlando,FL,32826,Caribbean-Florida Water Science Center - Orlando Office,Field Station,Orange,1198,23,0,1175,"Orange, Florida, US"
12101,721758,-82.38081899999999,28.223821,4446 Pet Lane,Lutz,FL,33559,Caribbean-Florida Water Science Center - Florida Office,Science Center,Pasco,205,3,0,202,"Pasco, Florida, US"
12103,947316,-82.63815,27.763966999999997,600 4th Street South,St. Petersburg,FL,33701,USGS-St. Petersburg Carbon Analytical Laboratory,Laboratory,Pinellas,592,16,0,576,"Pinellas, Florida, US"
12103,721831,-82.6380207,27.7636688,600 4th Street South,St. Petersburg,FL,33701,St. Petersburg Coastal and Marine Science Center,Science Center,Pinellas,592,16,0,576,"Pinellas, Florida, US"
13051,726672,-81.1254958,32.0568362,765 Alligator Alley,Hardeeville,SC,29927,South Atlantic Water Science Center - Georgia: Savannah Field Office,Field Station,Chatham,179,5,0,174,"Chatham, Georgia, US"
13067,721754,-84.488984,33.921464,1770 Corporate Drive,Norcross,GA,30093,"South Atlantic Water Science Center - Norcross, GA Office",Science Center,Cobb,1125,51,0,1074,"Cobb, Georgia, US"
13277,727746,-83.487085,31.4468211,1890 Fletcher Road,Tifton,GA,31794,"South Atlantic Water Science Center - Tifton, GA Field Office",Field Station,Tift,86,3,0,83,"Tift, Georgia, US"
15001,949146,-155.0718142,19.7223183,1266 Kamehameha Ave,Hilo,HI,96720,Hawaiian Volcano Observatory,Observatory,Hawaii,62,0,0,62,"Hawaii, Hawaii, US"
15003,723413,-157.96279819999998,21.365891100000002,1845 Wasp Blvd,Honolulu,HI,96818,O'ahu Field Station,Field Station,Honolulu,385,6,0,379,"Honolulu, Hawaii, US"
15003,725148,-157.946006,21.350957,"1845 Wasp Blvd., B176",Honolulu,HI,96818,Pacific Islands Water Science Center,Science Center,Honolulu,385,6,0,379,"Honolulu, Hawaii, US"
15003,909207,-157.8623345,21.3034692,300 Ala Moana Blvd,Honolulu,HI,96850,"National Wildlife Health Center, Honolulu Field Station",Field Station,Honolulu,385,6,0,379,"Honolulu, Hawaii, US"
15003,723491,-157.81661450000001,21.2981408,2525 Correa Rd,Honolulu,HI,96822,Pacific Islands Climate Adaptation Science Center,Science Center,Honolulu,385,6,0,379,"Honolulu, Hawaii, US"
16001,904540,-116.213081,43.604977000000005,970 South Lusk Street,Boise,ID,83706,Forest and Rangeland Ecosystem Science Center (FRESC) Snake River Field Station,Field Station,Ada,598,10,0,588,"Ada, Idaho, US"
16001,721311,-116.18927759999998,43.6173775,230 Collins Rd.,Boise,ID,83702-4520,Idaho Water Science Center,Science Center,Ada,598,10,0,588,"Ada, Idaho, US"
16001,726671,-116.18927759999998,43.6173775,230 Collins Rd.,Boise,ID,83702,Idaho Water Science Center - Boise Field Office,Field Station,Ada,598,10,0,588,"Ada, Idaho, US"
16001,727016,-116.18927759999998,43.6173775,230 Collins Road,Boise,ID,83702,Idaho Water Science Center - Groundwater Training Facility,Field Station,Ada,598,10,0,588,"Ada, Idaho, US"
16019,741491,-112.04668500000001,43.516404,1955 Fremont Avenue,Idaho Falls,ID,83415,Idaho Water Science Center - Idaho National Laboratory Project Office,Field Station,Bonneville,24,0,0,24,"Bonneville, Idaho, US"
16019,741490,-112.0383037,43.4951706,366 D Street,Idaho Falls,ID,83405,Idaho Water Science Center - Idaho Falls Field Office,Field Station,Bonneville,24,0,0,24,"Bonneville, Idaho, US"
16055,726675,-117.007433,47.700047,721 Lochsa Street,Post Falls,ID,83854,Idaho Water Science Center - Post Falls Field Office,Field Station,Kootenai,50,0,0,50,"Kootenai, Idaho, US"
16057,915337,-117.01480600000001,46.730066,College of Natural Resources,Moscow,ID,83844,Idaho Cooperative Fish And Wildlife Research Unit,Coop Unit,Kootenai,3,0,0,3,"Latah, Idaho, US"
17019,721700,-88.2244675,40.1158924,405 N. Goodwin Ave.,Urbana,IL,61801,Illinois Water Science Center,Science Center,Champaign,95,4,0,91,"Champaign, Illinois, US"
17037,926170,-88.724147,41.9124989,650 Peace Road,DeKalb,IL,60115,Northern Illinois Field Office - DeKalb,Field Station,DeKalb,55,1,0,54,"DeKalb, Illinois, US"
17081,926169,-88.898684,38.3177513,105 South 6th Street,Mt Vernon,IL,62864,Southern Illinois Field Office - Mt. Vernon,Field Station,Jackson,31,0,0,31,"Jefferson, Illinois, US"
18097,721705,-86.26607,39.876695,5957 Lakeside Blvd,Indianapolis,IN,46278,Indiana - Indianapolis Office,Science Center,Marion,3889,192,0,3697,"Marion, Indiana, US"
18127,928794,-87.04700000000001,41.6143,1574 North 300 East,Chesterton,IN,46304,Lake Michigan Ecological Research Station,Field Station,Porter,175,3,0,172,"Porter, Indiana, US"
19103,721707,-91.534175,41.657087100000005,400 S Clinton St,Iowa City,IA,52240,Iowa Water Science Center,Science Center,Johnson,285,3,0,282,"Johnson, Iowa, US"
19155,926171,-95.85299300000001,41.257082000000004,8 South 6th Street,Council Bluffs,IA,51501,Western Iowa Field Office - Council Bluffs,Field Station,Pottawattamie,18,1,0,17,"Pottawattamie, Iowa, US"
19187,926172,-94.192107,42.5082235,407 North 5th Street,Fort Dodge,IA,50501,Central Iowa Field Office - Fort Dodge,Field Station,Webster,3,0,0,3,"Webster, Iowa, US"
20035,725151,-97.10948370000001,37.2591916,"7920 West Kellogg, Suite 4",Wichita,KS,67209,Wichita Field Office,Field Station,Coffey,1,1,0,0,"Cowley, Kansas, US"
20045,721693,-95.309512,38.9633266,1217 Biltmore Drive,Lawrence,KS,66049,Kansas Water Science Center,Science Center,Douglas,43,0,0,43,"Douglas, Kansas, US"
20045,725150,-95.309512,38.9633266,1217 Biltmore Drive,Lawrence,KS,66049,Organic Geochemistry Research Laboratory (OGRL),Laboratory,Douglas,43,0,0,43,"Douglas, Kansas, US"
20051,725153,-99.2992506,38.8692308,1204 Canterbury Drive,Hays,KS,67601,Hays Field Office,Field Station,Douglas,8,0,0,8,"Ellis, Kansas, US"
21035,725339,-88.3377486,36.6173734,2009 College Farm Road,Murray,KY,42071,Kentucky - Murray Field Office,Science Center,Calloway,21,1,0,20,"Calloway, Kentucky, US"
21111,955717,-85.57176,38.221336,9818 Bluegrass Parkway,Louisville,KY,40299,Ohio-Kentucky-Indiana Water Science Center,Science Center,Jefferson,814,60,0,754,"Jefferson, Kentucky, US"
21111,721711,-85.5717548,38.221328899999996,9818 Bluegrass Parkway,Louisville,KY,40299,Kentucky Water Science Center,Science Center,Jefferson,814,60,0,754,"Jefferson, Kentucky, US"
21111,725152,-85.5717548,38.221328899999996,9818 Bluegrass Parkway,Louisville,KY,40299,Kentucky - Louisville Office,Science Center,Jefferson,814,60,0,754,"Jefferson, Kentucky, US"
21235,725158,-84.1718485,36.7332982,50 Main Street,Williamsburg,KY,40769,Kentucky - Williamsburg Field Office,Science Center,Webster,8,0,0,8,"Whitley, Kentucky, US"
22033,721736,-91.05137940000002,30.4211835,3535 South Sherwood Forest Blvd.,Baton Rouge,LA,70816,"Lower Mississippi-Gulf Water Science Center - Baton Rouge, LA Office",Science Center,East Baton Rouge,1512,72,0,1440,"East Baton Rouge, Louisiana, US"
22033,896512,-91.05137940000002,30.4211835,3535 South Sherwood Forest Blvd. Suite 120,Baton Rouge,LA,70816, Louisiana Water Science Center,Program Office,East Baton Rouge,1512,72,0,1440,"East Baton Rouge, Louisiana, US"
22055,718350,-92.0470212,30.227571299999997,700 Cajundome Blvd.,Lafayette,LA,70506-3152,"Wetland and Aquatic Research Center - Lafayette, LA ",Science Center,Lafayette,419,17,0,402,"Lafayette, Louisiana, US"
22061,729833,-92.674521,32.5076197,3095 W California Ave,Ruston,LA,71270,"Lower Mississippi-Gulf Water Science Center - Ruston, LA Office",Field Station,Lincoln,49,2,0,47,"Lincoln, Louisiana, US"
22061,896513,-92.674521,32.5076197,3095 West California Ave.,Ruston,LA,71270,Ruston Program Office,Science Center,Lincoln,49,2,0,47,"Lincoln, Louisiana, US"
22115,896514,-93.21002800000001,31.030965000000002,1727 23rd Street,Fort Polk South,LA,71459,Fork Polk Project Office,Program Office,Vernon,14,1,0,13,"Vernon, Louisiana, US"
23011,723221,-69.8092397,44.3044717,196 Whitten Rd,Augusta,ME,4330,New England Water Science Center - Maine Office,Science Center,Kennebec,97,4,0,93,"Kennebec, Maine, US"
24005,718219,-76.71329920000001,39.2478982,5522 Research Park Drive,Catonsville,MD,21228,MD-DE-DC Water Science Center,Science Center,Baltimore,1733,50,0,1683,"Baltimore, Maryland, US"
24005,943745,-76.71329920000001,39.2478982,5522 Research Park Drive,Baltimore,MD,21228,Chesapeake Bay Activities,Science Center,Baltimore,1733,50,0,1683,"Baltimore, Maryland, US"
24033,726663,-76.9220123,39.02743529999999,10300 Baltimore Avenue,Beltsville,MD,20705,Patuxent Wildlife Research Center - Beltsville Lab,Field Station,Prince George's,3345,105,0,3240,"Prince George's, Maryland, US"
24033,723203,-76.869106,39.093074,12100 Beech Forest Road,Laurel,MD,20708-4039,Patuxent Wildlife Research Center,Science Center,Prince George's,3345,105,0,3240,"Prince George's, Maryland, US"
25001,722340,-70.6506313,41.533342600000005,384 Woods Hole Rd.,Woods Hole,MA,2543,Woods Hole Coastal and Marine Science Center,Science Center,Barnstable,632,21,0,611,"Barnstable, Massachusetts, US"
25011,729133,-72.56962,42.59827,1 Migratory Way,Turners Falls,MA,1376,USGS S.O. Conte Anadromous Research Center,Field Station,Franklin,181,26,0,155,"Franklin, Massachusetts, US"
25011,741289,-72.56962,42.59827,One Migratory Way,Turners Falls,MA,1376,LSC Conte Anadromous Fish Laboratory,Laboratory,Franklin,181,26,0,155,"Franklin, Massachusetts, US"
25015,723468,-72.52449190000002,42.3896234,611 N Pleasant St,Amherst,MA,1003,Northeast Climate Adaptation Science Center,Science Center,Hampshire,317,7,0,310,"Hampshire, Massachusetts, US"
25027,721768,-71.6347953,42.340850200000006,10 Bearfoot Road,Northborough,MA,1532,New England Water Science Center - Massachusetts/Rhode Island Office,Science Center,Worcester,3069,114,0,2955,"Worcester, Massachusetts, US"
26039,729803,-84.70315,44.713286,1955 Hartwick Pines Road,Grayling,MI,49738,"Upper Midwest Water Science Center - Grayling, Mich., Field Office",Field Station,Crawford,29,2,0,27,"Crawford, Michigan, US"
26041,729802,-87.0702066,45.7455021,1601 Ludington Street,Escanaba,MI,49829,"Upper Midwest Water Science Center - Escanaba, Mich., Field Office",Field Station,Delta,12,1,0,11,"Delta, Michigan, US"
26065,723832,-84.5361103,42.6642782,5840 Enterprise Drive,Lansing,MI,48911-4107,Michigan Bacteriological Research Laboratory (MI-BaRL),Laboratory,Ingham,308,6,0,302,"Ingham, Michigan, US"
26065,721713,-84.536061,42.664347,5840 Enterprise Drive,Lansing,MI,48911-4107,"Upper Midwest Water Science Center - Lansing, Mich., Office",Science Center,Ingham,308,6,0,302,"Ingham, Michigan, US"
26065,729837,-84.536061,42.664347,5840 Enterprise Drive,Lansing,MI,48911-4107,"Upper Midwest Water Science Center - Lansing, Mich., Field Office",Field Station,Ingham,308,6,0,302,"Ingham, Michigan, US"
26141,928790,-84.037829,45.493835,11188 Ray Rd,Millersbug,MI,49759,Hammond Bay Biological Station,Field Station,Ottawa,2,0,0,2,"Presque Isle, Michigan, US"
26161,721694,-83.69314229999999,42.2940172,1451 Green Road,Ann Arbor,MI,48105,Great Lakes Science Center,Science Center,Washtenaw,870,30,0,840,"Washtenaw, Michigan, US"
27123,721722,-93.20122359999999,45.0972,2280 Woodale Drive,Mounds View,MN,55112,"Upper Midwest Water Science Center - Mounds View, Minn., Office",Science Center,Ramsey,196,9,0,187,"Ramsey, Minnesota, US"
28121,721730,-90.072458,32.274353999999995,308 Airport Road,Jackson,MS,39208,"Lower Mississippi-Gulf Water Science Center - Jackson, MS Office",Science Center,Rankin,133,2,0,131,"Rankin, Mississippi, US"
29019,721674,-92.273384,38.91237,4200 New Haven Road,Columbia,MO,65201-8709,Columbia Environmental Research Center,Science Center,Boone,93,1,0,92,"Boone, Missouri, US"
29161,721718,-91.7439954,37.953832,1400 Independence Road,Rolla,MO,65401,Missouri Water Science Center,Science Center,Pettis,1,0,0,1,"Phelps, Missouri, US"
29161,909521,-91.7439954,37.953832,1400 Independence Road,Rolla,MO,65401,CEGIS - Missouri,Other Facilities,Pettis,1,0,0,1,"Phelps, Missouri, US"
29161,929207,-91.7439954,37.953832,1400 Independence Road,Rolla,MO,65401,"National Geospatial Technical Operations Center - Rolla, MO",Science Center,Pettis,1,0,0,1,"Phelps, Missouri, US"
29189,926168,-90.3747,38.6746,9351 Industrial Center,Olivette,MO,63132,Eastern Missouri - Olivette,Field Station,St. Louis,2235,81,0,2154,"St. Louis, Missouri, US"
30029,718313,-113.98244309999998,48.4963369,PO Box 169,West Glacier,MT,59936,Northern Rocky Mountain Science Center (NOROCK) West Glacier Field Station,Field Station,Flathead,37,1,0,36,"Flathead, Montana, US"
30031,718312,-111.05085,45.65611,2327 University Way,Bozeman,MT,59715,Northern Rocky Mountain Science Center (NOROCK) Headquarters,Science Center,Gallatin,143,0,0,143,"Gallatin, Montana, US"
30049,721773,-111.9802399,46.600134600000004,3162 Bozeman Avenue,Helena,MT,59601,Wyoming-Montana Water Science Center - Helena Office,Science Center,Lewis and Clark,16,0,0,16,"Lewis and Clark, Montana, US"
30049,908376,-111.97905949999999,46.6004601,3162 Bozeman Avenue,Helena,MT,59601,Helena Montana,Science Center,Lewis and Clark,16,0,0,16,"Lewis and Clark, Montana, US"
30063,718314,-113.99766629999999,46.856528600000004,Aldo Leopold Wilderness Research Institute,Missoula,MT,59801,Northern Rocky Mountain Science Center (NOROCK) Missoula Field Station,Field Station,Missoula,38,1,0,37,"Missoula, Montana, US"
31109,721318,-96.694861,40.7617954,5231 South 19th Street,Lincoln,NE,68512-1271,Nebraska Water Science Center,Science Center,Lancaster,81,1,0,80,"Lancaster, Nebraska, US"
31111,735997,-100.7599595,41.135177399999996,303 East 3rd Street,North Platte,NE,69101,North Platte Field Office,Field Station,Lincoln,18,1,0,17,"Lincoln, Nebraska, US"
32003,902591,-115.0467693,36.0363579,160 N. Stephanie St.,Henderson,NV,89074,Nevada Water Science Center Henderson Office,Field Station,Clark,2940,137,0,2803,"Clark, Nevada, US"
32003,732448,-115.04500039999999,36.037376200000004,160 N Stephanie,Henderson,NV,89074,Western Ecological Research Center - Henderson Field Station ,Field Station,Clark,2940,137,0,2803,"Clark, Nevada, US"
32510,721587,-119.7019435,39.17667470000001,2730 N. Deer Run Road,Carson City,NV,89701,Nevada Water Science Center,Science Center,Carson City,28,0,0,28,"Carson City, Nevada, US"
33013,721330,-71.4794196,43.1889155,361 Commerce Way,Pembroke,NH,03275-3718,New England Water Science Center - New Hampshire/Vermont Office,Science Center,Merrimack,94,0,0,94,"Merrimack, New Hampshire, US"
34021,721327,-74.706221,40.29488,3450 Princeton Pike,Lawrenceville,NJ,8648,New Jersey Water Science Center,Science Center,Mercer,2395,113,0,2282,"Mercer, New Jersey, US"
35001,943748,-106.69285900000001,34.924034999999996,Target Road 10002 Isleta SE,Kirtland AFB,NM,87117,Albuquerque Seismological Laboratory,Laboratory,Bernalillo,542,24,0,518,"Bernalillo, New Mexico, US"
35001,721673,-106.62203799999999,35.155134999999994,6700 Edith Blvd NE,Albuquerque,NM,87113,New Mexico Water Science Center,Science Center,Bernalillo,542,24,0,518,"Bernalillo, New Mexico, US"
35005,911807,-104.56548120000001,33.3949683,2909 W 2nd St.,Roswell,NM,88201,Roswell Field Office,Field Station,Chaves,21,0,0,21,"Chaves, New Mexico, US"
35043,723437,-106.32205149999999,35.7650567,Bandelier National Monument,Los Alamos,NM,87544,New Mexico Landscapes Field Station,Science Center,Sandoval,315,6,0,309,"Sandoval, New Mexico, US"
36023,928800,-76.244902,42.555544,3075 Gracie Road,Cortland,NY,13045-9457,Tunison Laboratory of Aquatic Science,Field Station,Cortland,25,0,0,25,"Cortland, New York, US"
36075,928796,-76.5243247,43.46095510000001,17 Lake St.,Oswego,NY,13126-1025,Lake Ontario Biological Station,Field Station,Oswego,47,2,0,45,"Oswego, New York, US"
36083,722006,-73.69651929999999,42.6810219,425 Jordan Road,Troy,NY,12180-8349,New York Water Science Center - Troy Program Office,Science Center,Rensselaer,186,6,0,180,"Rensselaer, New York, US"
36089,732086,-74.98943809999999,44.67036289999999,22 Depot Street,Potsdam,NY,13676,New York Water Science Center - Potsdam Field Office,Field Station,St. Lawrence,105,0,0,105,"St. Lawrence, New York, US"
36103,731807,-73.046761,40.924565,2045 Route 112,Coram,NY,11727,New York Water Science Center - Coram Program Office,Program Office,Suffolk,26888,693,0,26195,"Suffolk, New York, US"
36103,915153,-73.01709670000001,40.755059100000004,120 Laurel Street,Patchogue,NY,11772,"Fire Island, NY",Regional Office,Suffolk,26888,693,0,26195,"Suffolk, New York, US"
36109,731798,-76.464412,42.487505999999996,30 Brown Road,Ithaca,NY,14850,New York Water Science Center - Ithaca Program Office,Program Office,Tompkins,119,0,0,119,"Tompkins, New York, US"
37021,726670,-82.518007,35.459553,44 Buck Shoals Road,Asheville,NC,28704-3307,South Atlantic Water Science Center - North Carolina: Asheville Field Office,Field Station,Buncombe,47,3,0,44,"Buncombe, North Carolina, US"
37119,726673,-80.8822942,35.16500870000001,810 Tyvola Road,Charlotte,NC,28217,South Atlantic Water Science Center - North Carolina: Charlotte Field Office,Field Station,Mecklenburg,1183,29,0,1154,"Mecklenburg, North Carolina, US"
37183,721752,-78.70587540000001,35.8128037,3916 Sunset Ridge Road,Raleigh,NC,27607,"South Atlantic Water Science Center - Raleigh, NC Office",Science Center,Wake,592,4,0,588,"Wake, North Carolina, US"
37183,723464,-78.6253,35.7977,127 David Clark Labs,Raleigh,NC,27695,Southeast Climate Adaptation Science Center,Science Center,Wake,592,4,0,588,"Wake, North Carolina, US"
38015,721702,-100.802234,46.832435,821 East Interstate Avenue,Bismarck,ND,58503,Dakota Water Science Center- Bismarck,Science Center,Burleigh,63,0,0,63,"Burleigh, North Dakota, US"
38035,743769,-97.046688,47.8894144,4575 32nd Ave South,Grand Forks,ND,58201,Dakota Water Science Center- Grand Forks Field Office,Science Center,Grand Forks,133,0,0,133,"Grand Forks, North Dakota, US"
38093,721723,-98.62740600000001,46.878161,8711 37th Street Southeast,Jamestown,ND,58401-7317,Northern Prairie Wildlife Research Center,Science Center,Stark,1,0,0,1,"Stutsman, North Dakota, US"
39043,928793,-82.7088842,41.45132720000001,6100 Columbus Ave.,Sandusky,OH,44870-8329,Lake Erie Biological Station,Field Station,Erie,33,2,0,31,"Erie, Ohio, US"
39049,721732,-82.9927119,40.0881216,6460 Busch Blvd.,Columbus,OH,43229-1737,Ohio - Columbus Office,Science Center,Franklin,1513,29,0,1484,"Franklin, Ohio, US"
39049,723831,-82.9927119,40.0881216,6460 Busch Blvd,Columbus,OH,43229-1737,Ohio - Ohio Water Microbiology Laboratory (OWML),Laboratory,Franklin,1513,29,0,1484,"Franklin, Ohio, US"
39157,729820,-81.45572209999999,40.5046663,1515 Brightwood Rd SE,New Philadelphia,OH,44663,Ohio - New Philadelphia Field Office,Field Station,Tuscarawas,31,0,0,31,"Tuscarawas, Ohio, US"
40027,723469,-97.439471,35.185146,201 Stephenson Parkway,Norman,OK,73072,South Central Climate Adaptation Science Center,Science Center,Cleveland,313,21,0,292,"Cleveland, Oklahoma, US"
40109,721688,-97.5154156,35.5394814,202 NW 66th Street,Oklahoma City,OK,73116,Oklahoma Water Science Center,Science Center,Oklahoma,560,23,0,537,"Oklahoma, Oklahoma, US"
41003,904696,-123.28609650000001,44.5644972,3200 SW Jefferson Way,Corvallis,OR,97331,Forest and Rangeland Ecosystem Science Center (FRESC) Corvallis Research Group,Field Station,Benton,27,5,0,22,"Benton, Oregon, US"
41003,915338,-123.2838822,44.563077,Oregon State University,Corvallis,OR,97331,Oregon Cooperative Fish And Wildlife Research Unit,Coop Unit,Benton,27,5,0,22,"Benton, Oregon, US"
41003,943742,-123.26414869999999,44.571447,777 NW 9th St,Corvallis,OR,97330,Forest and Rangeland Ecosystem Science Center (FRESC) Headquarters,Science Center,Benton,27,5,0,22,"Benton, Oregon, US"
41003,905140,-122.99127109999999,38.017769,Pt. Reyes National Seashore,Pt. Reyes,CA,94956,Western Ecological Research Center - Pt. Reyes Field Station,Field Station,Benton,27,5,0,22,"Benton, Oregon, US"
41029,738800,-122.87543079999999,42.3855345,4890 N Runway Drive,Medford,OR,97502,Medford Field Office,Field Station,Jackson,49,0,0,49,"Jackson, Oregon, US"
41035,726668,-121.75417069999999,42.1813881,"2795 Anderson Ave., Suite 106",Klamath Falls,OR,97603-9572,Klamath Falls Field Station,Field Station,Klamath,30,0,0,30,"Klamath, Oregon, US"
41035,739082,-121.75417069999999,42.1813881,2795 Anderson Ave,Klamath Falls,OR,97603,Klamath Falls Field Office,Field Station,Klamath,30,0,0,30,"Klamath, Oregon, US"
41051,721670,-122.6827385,45.507576,2130 SW 5th Ave.,Portland,OR,97201,Oregon Water Science Center,Science Center,Multnomah,514,28,0,486,"Multnomah, Oregon, US"
42003,912510,-80.108944,40.367795,1025 Washington Pike,Bridgeville,PA,15017-2702,Pittsburgh,Field Station,Allegheny,1035,50,0,985,"Allegheny, Pennsylvania, US"
42029,912509,-75.7183,40.0161,408 Boot Road,Downingtown,PA,19335,Downingtown,Field Station,Chester,877,42,0,835,"Chester, Pennsylvania, US"
42081,912511,-77.00689059999999,41.2411169,439 Hepburn Street,Williamsport,PA,17701,Williamsport,Field Station,Lycoming,37,0,0,37,"Lycoming, Pennsylvania, US"
42117,741290,-77.308,41.7373,176 Straight Run Road,Wellsboro,PA,16901,LSC Northern Appalachian Research Laboratory,Laboratory,Tioga,14,1,0,13,"Tioga, Pennsylvania, US"
42133,721325,-76.87456,40.214971999999996,215 Limekiln Road,New Cumberland,PA,17070,Pennsylvania Water Science Center,Science Center,York,481,6,0,475,"York, Pennsylvania, US"
45019,727759,-79.89875649999999,32.7507986,219 Fort Johnson Road,Charleston,SC,29412,"South Atlantic Water Science Center - Charleston, SC Field Office",Field Station,Charleston,390,3,0,387,"Charleston, South Carolina, US"
45079,721753,-81.0861958,34.0164475,720 Gracern Road,Columbia,SC,29210,"South Atlantic Water Science Center - Columbia, SC Office",Science Center,Richland,652,14,0,638,"Richland, South Carolina, US"
46005,743772,-98.212575,44.342883,111 Kansas Ave SE,Huron,SD,57350,Dakota Water Science Center- Huron Programs Office,Program Office,Beadle,21,2,0,19,"Beadle, South Dakota, US"
46065,743773,-100.400566,44.4465598,28563 Powerhouse Rd,Pierre,SD,57501,Dakota Water Science Center- Pierre Field Office,Science Center,Hughes,5,0,0,5,"Hughes, South Dakota, US"
46099,718233,-96.628126,43.732305,47914 252nd Street,Garretson,SD,57030,Earth Resources Observation and Science (EROS) Center,Science Center,Minnehaha,1362,3,0,1359,"Minnehaha, South Dakota, US"
46103,743771,-103.60714300000001,43.763372,1608 Mountain View,Rapid City,SD,57702,Dakota Water Science Center- Rapid City,Science Center,Pennington,10,1,0,9,"Pennington, South Dakota, US"
46135,737265,-97.4765478,42.8743354,31247 436th Avenue,Yankton,SD,57078,"Yankton, South Dakota Field Research Station",Field Station,Yankton,23,0,0,23,"Yankton, South Dakota, US"
47037,721319,-86.74974240000002,36.0863925,640 Grassmere Park Drive,Nashville,TN,37211,"Lower Mississippi-Gulf Water Science Center - Nashville, TN Office",Science Center,Davidson,1638,19,0,1619,"Davidson, Tennessee, US"
47093,729824,-83.981578,35.939793,4700 Old Kingston Pike,Knoxville,TN,37919,"Lower Mississippi-Gulf Water Science Center - Knoxville, TN Office",Field Station,Knox,194,4,0,190,"Knox, Tennessee, US"
48029,915673,-98.59142,29.563197,5563 DeZavala,San Antonio,TX,78249,South Texas Branch (San Antonio) Office,Field Station,Bexar,992,38,0,954,"Bexar, Texas, US"
48141,915448,-106.3407835,31.750288399999995,10737 Gateway Blvd. West,El Paso,TX,79935,El Paso Field Office,Field Station,El Paso,505,8,0,497,"El Paso, Texas, US"
48303,915340,-101.97712109999999,33.513834499999994,8802 Urbana Avenue,Lubbock,TX,79424,Lubbock Field Office,Field Station,Lubbock,419,28,0,391,"Lubbock, Texas, US"
48339,915342,-95.449169,30.183290999999997,19241 David Memorial Drive,Conroe,TX,77385,Gulf Coast Branch (Houston) Office,Field Station,Montgomery,377,7,0,370,"Montgomery, Texas, US"
48355,915457,-97.32311700000001,27.715360999999998,6300 Ocean Drive,Corpus Christi,TX,78412,Corpus Christi Field Office,Field Station,Nueces,90,0,0,90,"Nueces, Texas, US"
48439,915406,-97.33250340000001,32.6747705,Ft Worth Federal Center,Fort Worth,TX,76115,North Texas Branch (Fort Worth) Office,Field Station,Tarrant,1229,38,0,1191,"Tarrant, Texas, US"
48451,915456,-100.4547553,31.4294701,3745 S. Jackson Street,San Angelo,TX,76903,San Angelo Field Office,Field Station,Tom Green,41,1,0,40,"Tom Green, Texas, US"
48453,721685,-97.675916,30.345534999999998,1505 Ferguson Lane,Austin,TX,78754,Texas Water Science Center,Science Center,Travis,1092,23,0,1069,"Travis, Texas, US"
48485,915405,-98.58686920000001,33.8729445,Midwestern State University,Wichita Falls,TX,76308,Wichita Falls Field Office,Field Station,Wichita,59,2,0,57,"Wichita, Texas, US"
49035,721682,-111.9507288,40.7186426,2329 West Orton Circle,West Valley City,UT,84119-2047,Utah Water Science Center,Science Center,Salt Lake,1615,15,0,1600,"Salt Lake, Utah, US"
49035,741496,-111.95042,40.718647999999995,2329 West Orton Circle,Salt Lake City,UT,84119,Salt Lake Field Office,Field Station,Salt Lake,1615,15,0,1600,"Salt Lake, Utah, US"
51059,718316,-77.3701632,38.9480448,274 Ellington Plant Sciences Building,Knoxville,TN,37996,Northern Rocky Mountain Science Center (NOROCK) Southern Appalachian Duty Station,Duty Station,Fairfax,1809,37,0,1772,"Fairfax, Virginia, US"
51059,718486,-77.3699775,38.947771,913 National Center,Reston,VA,20192,Mineral Resources Program Office,Program Office,Fairfax,1809,37,0,1772,"Fairfax, Virginia, US"
51059,718226,-77.367453,38.947225,12201 Sunrise Valley Drive,Reston,VA,20192,U.S. Geological Survey Headquarters,Mission Office,Fairfax,1809,37,0,1772,"Fairfax, Virginia, US"
51059,720843,-77.367453,38.947225,12201 Sunrise Valley Drive,Reston,VA,20192,National Climate Adaptation Science Center,Program Office,Fairfax,1809,37,0,1772,"Fairfax, Virginia, US"
51059,723204,-77.367453,38.947225,12201 Sunrise Valley Drive,Reston,VA,21092,Florence Bascom Geoscience Center,Science Center,Fairfax,1809,37,0,1772,"Fairfax, Virginia, US"
51059,943973,-77.367453,38.947225,12201 Sunrise Valley Drive,Reston,VA,20192,"USGS Water Mission Area Headquarters - Reston, VA",Mission Office,Fairfax,1809,37,0,1772,"Fairfax, Virginia, US"
51059,721684,-77.36723640000001,38.950138700000004,12201 Sunrise Valley Drive,Reston,VA,20192,Eastern Energy Resources Science Center,Science Center,Fairfax,1809,37,0,1772,"Fairfax, Virginia, US"
51059,721690,-77.36723640000001,38.950138700000004,12201 Sunrise Valley Drive,Reston,VA,20192,Eastern Mineral & Environmental Resources Science Center,Science Center,Fairfax,1809,37,0,1772,"Fairfax, Virginia, US"
51059,737282,-77.36723640000001,38.950138700000004,12201 Sunrise Valley Dr,Reston,VA,20192,Cooperative Research Units Program Headquarters,Coop Unit,Fairfax,1809,37,0,1772,"Fairfax, Virginia, US"
51059,912954,-77.36723640000001,38.950138700000004,12201 Sunrise Valley Drive,Reston,VA,20192,"Office of Budget, Planning, and Integration (BPI)",Program Office,Fairfax,1809,37,0,1772,"Fairfax, Virginia, US"
51059,943749,-77.36723640000001,38.950138700000004,12201 Sunrise Valley Drive,Reston,VA,20192-0002,Energy and Minerals Mission Area Headquarters,Mission Office,Fairfax,1809,37,0,1772,"Fairfax, Virginia, US"
51059,728226,-77.367236,38.950139,12201 Sunrise Valley Drive,Reston,VA,20192,Environmental Health Mission Area Headquarters,Mission Office,Fairfax,1809,37,0,1772,"Fairfax, Virginia, US"
51059,721037,-77.3437437,38.9453943,12201 Sunrise Valley Drive,Reston,VA,20192,Office of Communications and Publishing,Headquarters,Fairfax,1809,37,0,1772,"Fairfax, Virginia, US"
51059,722414,-77.3437437,38.9453943,"950 National Center, Room 1D100",Reston,VA,20192,USGS Reston Library - Clarence King Memorial Library (Main Library),Other Facilities,Fairfax,1809,37,0,1772,"Fairfax, Virginia, US"
51059,722512,-77.3437437,38.9453943,12201 Sunrise Valley Drive,Reston,VA,20192,Land Remote Sensing Program,Program Office,Fairfax,1809,37,0,1772,"Fairfax, Virginia, US"
51059,722536,-77.3437437,38.9453943,12201 Sunrise Valley Drive,Reston,VA,20192,Climate Research and Development Program Office,Program Office,Fairfax,1809,37,0,1772,"Fairfax, Virginia, US"
51059,722537,-77.3437437,38.9453943,12201 Sunrise Valley Drive,Reston,VA,20192,Land Resources Mission Area Office,Mission Office,Fairfax,1809,37,0,1772,"Fairfax, Virginia, US"
51059,722538,-77.3437437,38.9453943,12201 Sunrise Valley Drive,Reston,VA,20192,Land Change Science Program Office,Program Office,Fairfax,1809,37,0,1772,"Fairfax, Virginia, US"
51059,725953,-77.3437437,38.9453943,12201 Sunrise Valley Drive,Reston,VA,20192,Office of Congressional Affairs,Headquarters,Fairfax,1809,37,0,1772,"Fairfax, Virginia, US"
51059,726319,-77.3437437,38.9453943,12201 Sunrise Valley Dr,Reston,VA,72211,Eastern Geographic Science Center,Science Center,Fairfax,1809,37,0,1772,"Fairfax, Virginia, US"
51059,914798,-77.3437437,38.9453943,U.S. Geological Survey 12201 Sunrise Valley Drive,Reston,VA,20192,Reston Stable Isotope Laboratory (RSIL),Laboratory,Fairfax,1809,37,0,1772,"Fairfax, Virginia, US"
51059,718228,-77.343469,38.998014000000005,988 National Center,Reston,VA,20192,National Minerals Information Center,Science Center,Fairfax,1809,37,0,1772,"Fairfax, Virginia, US"
51087,721762,-77.47589,37.638725,1730 East Parham Road,Richmond,VA,23228,Virginia and West Virginia Water Science Center,Science Center,Henrico,584,62,0,522,"Henrico, Virginia, US"
51121,726674,-80.4282497,37.2298808,"304 Cheatham Hall, 0324",Blacksburg,VA,24061,Patuxent Wildlife Research Center - Virginia Polytechnic Institute,Field Station,Montgomery,42,0,0,42,"Montgomery, Virginia, US"
53005,740535,-119.24226399999999,46.212117,"9232 Clearwater Dr., Suite A",Kennewick,WA,99336,Mid-Columbia Field Office,Field Station,Benton,313,34,0,279,"Benton, Washington, US"
53009,904694,-123.43441100000001,48.101583000000005,600 East Park Avenue,Port Angeles,WA,98362,Forest and Rangeland Ecosystem Science Center (FRESC) Olympic Field Station,Field Station,Clallam,15,0,0,15,"Clallam, Washington, US"
53033,904695,-122.3300624,47.6038321,"University of Washington, School of Environmental and Forest Sciences",Seattle,WA,98195-2100,Forest and Rangeland Ecosystem Science Center (FRESC) Cascadia Field Station,Field Station,King,5174,346,0,4828,"King, Washington, US"
53033,931665,-122.3300624,47.6038321,"Univ of Washington, Dept of Earth and Space Sciences",Seattle,WA,98195,Seattle Field Office,Field Station,King,5174,346,0,4828,"King, Washington, US"
53033,721337,-122.256469,47.6755,6505 NE 65th Street,Seattle,WA,98115-5016,Western Fisheries Research Center (WFRC),Science Center,King,5174,346,0,4828,"King, Washington, US"
53053,721334,-122.4405994,47.2552721,934 Broadway,Tacoma,WA,98402,Washington Water Science Center,Science Center,Pierce,1143,32,0,1111,"Pierce, Washington, US"
53059,943743,-121.63197199999999,45.763964,5501-A Cook Underwood Rd.,Cook,WA,98605-9717,Columbia River Research Laboratory,Laboratory,Skamania,3,0,0,3,"Skamania, Washington, US"
53063,740536,-117.411098,47.657992,West 920 Riverside Avenue,Spokane,WA,99201,Upper Columbia Field Office,Field Station,Spokane,307,17,0,290,"Spokane, Washington, US"
53073,738534,-122.55686029999998,48.817696399999996,"1350 Slater Road, Suite 5",Ferndale,WA,98248,Northwest Washington Field Office,Field Station,Whatcom,277,26,0,251,"Whatcom, Washington, US"
54037,723201,-77.90782349999999,39.3707169,11649 Leetown Road,Kearneysville,WV,25430,Leetown Science Center,Science Center,Jefferson,60,0,0,60,"Jefferson, West Virginia, US"
54037,741287,-77.8906815,39.384887299999995,11649 Leetown Road,Kearneysville,WV,25430,LSC Fish Health Laboratory,Laboratory,Jefferson,60,0,0,60,"Jefferson, West Virginia, US"
54037,741288,-77.8906815,39.384887299999995,11649 Leetown Road,Kearneysville,WV,25430,LSC Aquatic Ecology Laboratory,Laboratory,Jefferson,60,0,0,60,"Jefferson, West Virginia, US"
55003,928798,-90.8784158,46.5947929,2800 Lake Shore Dr. East,Ashland,WI,54806-2427,Lake Superior Biological Station,Field Station,Ashland,2,0,0,2,"Ashland, Wisconsin, US"
55025,575767,-89.532689,43.091883,8505 Research Way,Middleton,WI,53562,"Upper Midwest Water Science Center - Middleton, Wis., Office",Science Center,Dane,361,19,0,342,"Dane, Wisconsin, US"
55025,575776,-89.53254179999999,43.0920107,8505 Research Way,Middleton,WI,53562,Mercury Research Laboratory,Laboratory,Dane,361,19,0,342,"Dane, Wisconsin, US"
55025,721720,-89.4837458,43.0497065,6006 Schroeder Road,Madison,WI,53711-6223,National Wildlife Health Center,Science Center,Dane,361,19,0,342,"Dane, Wisconsin, US"
55063,738507,-91.2611952,43.865686700000005,2630 Fanta Reed Road,La Crosse,WI,54603,Upper Midwest Environmental Sciences Center,Science Center,La Crosse,25,0,0,25,"La Crosse, Wisconsin, US"
56001,915341,-105.5894932,41.3126773,University of Wyoming,Laramie,WY,82071,Wyoming Cooperative Fish And Wildlife Research Unit,Coop Unit,Albany,6,0,0,6,"Albany, Wyoming, US"
56039,718315,-110.74816200000001,43.479766299999994,675 E. Broadway,jackson,WY,83001,Northern Rocky Mountain Science Center (NOROCK) Jackson Duty Station,Duty Station,Teton,62,0,0,62,"Teton, Wyoming, US"
56039,737270,-110.7366597,43.534366799999994,1475 Fish Hatchery Road,Jackson,WY,83001,"Jackson, Wyoming Field Research Station",Field Station,Teton,62,0,0,62,"Teton, Wyoming, US"
